<?xml version="1.0" encoding="UTF-8"?>
<project-private xmlns="http://www.netbeans.org/ns/project-private/1">
    <editor-bookmarks xmlns="http://www.netbeans.org/ns/editor-bookmarks/2" lastBookmarkId="0"/>
    <open-files xmlns="http://www.netbeans.org/ns/projectui-open-files/2">
        <group name="Done">
            <file>file:/C:/Users/Roman%20Schafer/Desktop/PVA%204/Kalkulacka/MAT_Kalkulacka/src/tlacitka/TlacitkoAns.java</file>
            <file>file:/C:/Users/Roman%20Schafer/Desktop/PVA%204/Kalkulacka/MAT_Kalkulacka/src/tlacitka/Tlacitko6.java</file>
            <file>file:/C:/Users/Roman%20Schafer/Desktop/PVA%204/Kalkulacka/MAT_Kalkulacka/src/tlacitka/Tlacitko0.java</file>
            <file>file:/C:/Users/Roman%20Schafer/Desktop/PVA%204/Kalkulacka/MAT_Kalkulacka/src/tlacitka/Tlacitko5.java</file>
            <file>file:/C:/Users/Roman%20Schafer/Desktop/PVA%204/Kalkulacka/MAT_Kalkulacka/src/tlacitka/Tlacitko9.java</file>
            <file>file:/C:/Users/Roman%20Schafer/Desktop/PVA%204/Kalkulacka/MAT_Kalkulacka/src/kalkulacka1/Model.java</file>
            <file>file:/C:/Users/Roman%20Schafer/Desktop/PVA%204/Kalkulacka/MAT_Kalkulacka/src/tlacitka/TlacitkoKrat.java</file>
            <file>file:/C:/Users/Roman%20Schafer/Desktop/PVA%204/Kalkulacka/MAT_Kalkulacka/src/tlacitka/TlacitkoMinus.java</file>
            <file>file:/C:/Users/Roman%20Schafer/Desktop/PVA%204/Kalkulacka/MAT_Kalkulacka/src/tlacitka/Tlacitko4.java</file>
            <file>file:/C:/Users/Roman%20Schafer/Desktop/PVA%204/Kalkulacka/MAT_Kalkulacka/src/view/SuperTlacitko.java</file>
            <file>file:/C:/Users/Roman%20Schafer/Desktop/PVA%204/Kalkulacka/MAT_Kalkulacka/src/tlacitka/TlacitkoZpet.java</file>
            <file>file:/C:/Users/Roman%20Schafer/Desktop/PVA%204/Kalkulacka/MAT_Kalkulacka/src/tlacitka/TlacitkoDeleno.java</file>
            <file>file:/C:/Users/Roman%20Schafer/Desktop/PVA%204/Kalkulacka/MAT_Kalkulacka/src/tlacitka/TlacitkoRovnase.java</file>
            <file>file:/C:/Users/Roman%20Schafer/Desktop/PVA%204/Kalkulacka/MAT_Kalkulacka/src/tlacitka/TlacitkoC.java</file>
            <file>file:/C:/Users/Roman%20Schafer/Desktop/PVA%204/Kalkulacka/MAT_Kalkulacka/src/tlacitka/Tlacitko7.java</file>
            <file>file:/C:/Users/Roman%20Schafer/Desktop/PVA%204/Kalkulacka/MAT_Kalkulacka/src/view/View.java</file>
            <file>file:/C:/Users/Roman%20Schafer/Desktop/PVA%204/Kalkulacka/MAT_Kalkulacka/src/tlacitka/TlacitkoPlus.java</file>
            <file>file:/C:/Users/Roman%20Schafer/Desktop/PVA%204/Kalkulacka/MAT_Kalkulacka/src/tlacitka/TlacitkoCE.java</file>
            <file>file:/C:/Users/Roman%20Schafer/Desktop/PVA%204/Kalkulacka/MAT_Kalkulacka/src/tlacitka/Tlacitko2.java</file>
            <file>file:/C:/Users/Roman%20Schafer/Desktop/PVA%204/Kalkulacka/MAT_Kalkulacka/src/tlacitka/Tlacitko3.java</file>
            <file>file:/C:/Users/Roman%20Schafer/Desktop/PVA%204/Kalkulacka/MAT_Kalkulacka/src/tlacitka/TlacitkoTecka.java</file>
            <file>file:/C:/Users/Roman%20Schafer/Desktop/PVA%204/Kalkulacka/MAT_Kalkulacka/src/tlacitka/Tlacitko8.java</file>
            <file>file:/C:/Users/Roman%20Schafer/Desktop/PVA%204/Kalkulacka/MAT_Kalkulacka/src/tlacitka/Tlacitko1.java</file>
        </group>
    </open-files>
</project-private>
