<?xml version="1.0" encoding="UTF-8"?>
<project-private xmlns="http://www.netbeans.org/ns/project-private/1">
    <editor-bookmarks xmlns="http://www.netbeans.org/ns/editor-bookmarks/2" lastBookmarkId="0"/>
    <open-files xmlns="http://www.netbeans.org/ns/projectui-open-files/2">
        <group name="Done">
            <file>file:/C:/Users/Roman%20Schafer/Desktop/PVA%204/Sibenice/MAT_Sibenice/src/slova/slovo.txt</file>
            <file>file:/C:/Users/Roman%20Schafer/Desktop/PVA%204/Sibenice/MAT_Sibenice/src/view/Klavesnice.java</file>
            <file>file:/C:/Users/Roman%20Schafer/Desktop/PVA%204/Sibenice/MAT_Sibenice/src/view/Vykreslovani.java</file>
            <file>file:/C:/Users/Roman%20Schafer/Desktop/PVA%204/Sibenice/MAT_Sibenice/src/view/View.java</file>
            <file>file:/C:/Users/Roman%20Schafer/Desktop/PVA%204/Sibenice/MAT_Sibenice/src/mat_sibenice/DoplnovaniSlova.java</file>
            <file>file:/C:/Users/Roman%20Schafer/Desktop/PVA%204/Sibenice/MAT_Sibenice/src/mat_sibenice/MAT_Sibenice.java</file>
            <file>file:/C:/Users/Roman%20Schafer/Desktop/PVA%204/Sibenice/MAT_Sibenice/src/mat_sibenice/SpravaSlov.java</file>
        </group>
    </open-files>
</project-private>
